<?xml version="1.0" encoding="UTF-8" standalone="no"?>
<!DOCTYPE properties SYSTEM "http://java.sun.com/dtd/properties.dtd">
<properties>
<comment/>
<entry key="profiler.attach.remote">true</entry>
<entry key="profiler.attach.server.type">Java application</entry>
<entry key="profiler.attach.host.os">Windows, 32bit JVM</entry>
<entry key="profiler.attach.dynamic.jdk16">false</entry>
<entry key="profiler.attach.direct">true</entry>
<entry key="profiler.attach.target.type">Java application</entry>
<entry key="profiler.attach.host">https://github.com/GitAirline/GitAirline.git</entry>
</properties>
