<?xml version="1.0" encoding="UTF-8"?>
<project-private xmlns="http://www.netbeans.org/ns/project-private/1">
    <editor-bookmarks xmlns="http://www.netbeans.org/ns/editor-bookmarks/2" lastBookmarkId="0"/>
    <open-files xmlns="http://www.netbeans.org/ns/projectui-open-files/2">
        <group>
            <file>file:/C:/Users/Win10%20Sucks/Documents/NetBeansProjects/AirlineSystem/AirlineSystemx/src/Data/Aeroplane.java</file>
            <file>file:/C:/Users/Win10%20Sucks/Documents/NetBeansProjects/AirlineSystem/AirlineSystemx/src/Manager/BookingSystem.java</file>
            <file>file:/C:/Users/Win10%20Sucks/Documents/NetBeansProjects/AirlineSystem/AirlineSystemx/src/Data/AeroplaneInterface.java</file>
            <file>file:/C:/Users/Win10%20Sucks/Documents/NetBeansProjects/AirlineSystem/AirlineSystemx/src/Manager/FlyFlight.java</file>
            <file>file:/C:/Users/Win10%20Sucks/Documents/NetBeansProjects/AirlineSystem/AirlineSystemx/src/Manager/BookingSystemManager.java</file>
            <file>file:/C:/Users/Win10%20Sucks/Documents/NetBeansProjects/AirlineSystem/AirlineSystemx/src/Main/MainJFrame.java</file>
        </group>
    </open-files>
</project-private>
